"Language","Level","acc","accuracy","age","average_response_time","avg_rt","b0","b1","background","canvas_backend","clock_backend","color_backend","compensation","condition","coordinates","correct","correct_welcome","count_Baseline_loop","count_Baseline_task","count_Context_condition","count_Context_loop","count_Pre_experiment","count_age","count_baseline_sequence","count_baseline_setup","count_baseline_test","count_baseline_test_1","count_baseline_test_sequence","count_con_test","count_con_test_","count_con_test_sequence","count_context_sequence","count_distraction_sequence","count_distraction_sequence_1","count_distraction_task","count_distraction_task_1","count_expSequence","count_experiment","count_experiment_loop","count_inner_baseline","count_inner_baseline_sequence","count_inner_context","count_inner_context_sequence","count_instructions","count_instructions_1","count_instructions_distraction","count_instructions_distraction_1","count_instructions_test","count_instructions_test_1","count_instructions_test_level","count_language","count_learning_session_setup","count_learning_session_setup_1","count_new_form_multiple_choice","count_new_inline_script","count_new_logger","count_new_logger_1","count_pre_test","count_present_distraction_1","count_present_distraction_1_1","count_present_distraction_1_2","count_present_trial","count_present_trial_1","count_save_data","count_save_data_1","count_shuffling","count_slimstampen_bs_setup","count_slimstampen_setup","count_test_level","count_test_sequence","count_test_setup","count_test_setup_1","count_trial_sequence","count_trial_sequence_1","count_welcome","datetime","description","disable_garbage_collection","empty_column","experiment_file","experiment_path","feedback_duration","font_bold","font_family","font_italic","font_size","font_underline","foreground","form_clicks","form_response","fullscreen","height","ignore_this_variable","inter_trial_interval","keyboard_backend","logfile","mouse_backend","num_tested_correct","num_tested_correct_1","num_words_tested","num_words_tested_1","opensesame_codename","opensesame_version","pretest_num","pretest_start_time","psychopy_waitblanking","response","response_instructions","response_instructions_1","response_instructions_distraction","response_instructions_distraction_1","response_instructions_test","response_instructions_test_1","response_instructions_test_level","response_time","response_time_instructions","response_time_instructions_1","response_time_instructions_distraction","response_time_instructions_distraction_1","response_time_instructions_test","response_time_instructions_test_1","response_time_instructions_test_level","response_time_welcome","response_welcome","round_decimals","sampler_backend","seen_facts_bs","seen_facts_con","session_duration","session_start_time","sound_buf_size","sound_channels","sound_freq","sound_sample_size","start","subject_nr","subject_parity","test_bs","test_con","test_done","test_num_bs","test_num_con","time_Baseline_loop","time_Baseline_task","time_Context_condition","time_Context_loop","time_Pre_experiment","time_age","time_baseline_sequence","time_baseline_setup","time_baseline_test","time_baseline_test_1","time_baseline_test_sequence","time_con_test","time_con_test_","time_con_test_sequence","time_context_sequence","time_distraction_sequence","time_distraction_sequence_1","time_distraction_task","time_distraction_task_1","time_expSequence","time_experiment","time_experiment_loop","time_inner_baseline","time_inner_baseline_sequence","time_inner_context","time_inner_context_sequence","time_instructions","time_instructions_1","time_instructions_distraction","time_instructions_distraction_1","time_instructions_test","time_instructions_test_1","time_instructions_test_level","time_language","time_learning_session_setup","time_learning_session_setup_1","time_new_form_multiple_choice","time_new_inline_script","time_new_logger","time_new_logger_1","time_pre_test","time_present_distraction_1","time_present_distraction_1_1","time_present_distraction_1_2","time_present_trial","time_present_trial_1","time_save_data","time_save_data_1","time_shuffling","time_slimstampen_bs_setup","time_slimstampen_setup","time_test_level","time_test_sequence","time_test_setup","time_test_setup_1","time_trial_sequence","time_trial_sequence_1","time_up","time_up2","time_welcome","title","total_correct","total_response_time","total_responses","trial_num","trial_num_baseline","uniform_coordinates","width"
"Telugu","A1","undefined","undefined","23","undefined","undefined","NA","NA","#e8edf1","xpyriment","legacy","legacy","0","NA","uniform","undefined","undefined","NA","NA","NA","NA","0","0","NA","NA","NA","NA","NA","NA","NA","NA","NA","NA","NA","NA","NA","NA","0","0","NA","NA","NA","NA","NA","NA","NA","NA","NA","NA","0","0","NA","0","0","NA","0","NA","0","NA","NA","NA","NA","NA","0","0","NA","0","0","NA","NA","0","NA","NA","NA","0","Wed Oct 26 23:50:16 2022","The main experiment item","yes","NA","final_exp.osexp","/Users/eragon/Documents/CODE/Github/group-project-team-studysmart","1200","no","Lexend","no","30","no","#000000","no","A1","yes","768","NA","200","legacy","/Users/eragon/Documents/CODE/Github/group-project-team-studysmart/Results/subject-11.csv","xpyriment","0","0","0","0","Lentiform Loewenfeld","3.3.12","1","7574","yes","return","NA","NA","NA","NA","NA","NA","NA","4726","NA","NA","NA","NA","NA","NA","NA","4726","return","2","legacy","[]","[]","NA","7574","1024","2","48000","-16","experiment","11","odd","no","no","no","1","1","NA","NA","NA","NA","7583","7583","NA","NA","NA","NA","NA","NA","NA","NA","NA","NA","NA","NA","NA","NA","2829","NA","NA","NA","NA","NA","NA","NA","NA","NA","NA","NA","NA","9026","NA","7574","NA","NA","14426","NA","NA","NA","NA","NA","NA","NA","NA","NA","NA","NA","NA","NA","NA","7580","NA","NA","NA","no","no","2842","SlimStampen example","0","0","0","1","1","yes","1024"
trial,fact,start_time,rt,correct,fact_id,question,answer
1,"Word(fact_id=1, question='winkel', answer=['shop', 'store'])",15847.0,1116.0,True,1,winkel,"['shop', 'store']"
2,"Word(fact_id=2, question='lepel', answer=['spoon'])",19426.0,923.0,True,2,lepel,['spoon']
3,"Word(fact_id=3, question='jas', answer=['coat', 'jacket', 'overcoat', 'cloak'])",23019.0,1250.0,True,3,jas,"['coat', 'jacket', 'overcoat', 'cloak']"
4,"Word(fact_id=4, question='raam', answer=['window', 'frame'])",27146.0,1188.0,True,4,raam,"['window', 'frame']"
5,"Word(fact_id=5, question='buiten', answer=['outside', 'out'])",30930.0,1234.0,True,5,buiten,"['outside', 'out']"
6,"Word(fact_id=6, question='toevoegen', answer=['add', 'append'])",34856.0,2141.0,False,6,toevoegen,"['add', 'append']"
7,"Word(fact_id=7, question='proberen', answer=['attempt', 'try'])",40159.0,25.0,False,7,proberen,"['attempt', 'try']"
8,"Word(fact_id=8, question='bezig', answer=['busy'])",41647.0,8042.0,False,8,bezig,['busy']
9,"Word(fact_id=9, question='onderwijs', answer=['education'])",54156.0,1240.0,True,9,onderwijs,['education']
10,"Word(fact_id=10, question='spier', answer=['muscle'])",58672.0,2645.0,False,10,spier,['muscle']
11,"Word(fact_id=11, question='plotseling', answer=['suddenly', 'abruptly'])",63265.0,4457.0,False,11,plotseling,"['suddenly', 'abruptly']"
12,"Word(fact_id=12, question='optreden', answer=['performance', 'action', 'perform'])",69824.0,3537.0,False,12,optreden,"['performance', 'action', 'perform']"
13,"Word(fact_id=13, question='ontspannen', answer=['relax', 'relaxing', 'relaxed'])",75662.0,2774.0,False,13,ontspannen,"['relax', 'relaxing', 'relaxed']"
14,"Word(fact_id=14, question='betrouwbaar', answer=['reliable', 'trustworthy'])",80591.0,2426.0,False,14,betrouwbaar,"['reliable', 'trustworthy']"
15,"Word(fact_id=15, question='weigeren', answer=['refuse', 'deny', 'decline'])",85160.0,4516.0,False,15,weigeren,"['refuse', 'deny', 'decline']"
16,"Word(fact_id=16, question='loopbaan', answer=['career\xa0'])",92106.0,3248.0,False,16,loopbaan,['career\xa0']
17,"Word(fact_id=17, question='frappant', answer=['striking', 'strikingly '])",97441.0,5296.0,False,17,frappant,"['striking', 'strikingly ']"
18,"Word(fact_id=18, question='raadsel', answer=['puzzle', 'riddle'])",104908.0,3642.0,False,18,raadsel,"['puzzle', 'riddle']"
19,"Word(fact_id=19, question='bijkomend', answer=['additional', 'secondary', 'additionally'])",110557.0,2740.0,False,19,bijkomend,"['additional', 'secondary', 'additionally']"

trial,start_time,rt,correct,fact_id,question,context_1,context_2,answer,chosen_context,encounter_2,reading_time,fogetting_rate
1,1083550.0,3613.0,True,1,verschrikkelijk,Ik vind het <b>verschrikkelijk</b> om voor een groep te spreken.,Het was een <b>verschrikkelijke</b> dag.,terrible;awful;horrible;dreadful,Ik vind het <b>verschrikkelijk</b> om voor een groep te spreken.,False,1090.1,0.29960937499999996
2,1090939.0,1100.0,True,1,verschrikkelijk,Ik vind het <b>verschrikkelijk</b> om voor een groep te spreken.,Het was een <b>verschrikkelijke</b> dag.,terrible;awful;horrible;dreadful,Ik vind het <b>verschrikkelijk</b> om voor een groep te spreken.,False,1090.1,0.24999999999999997
3,1094630.0,1409.0,True,2,zelfstandig,Het is prettig als werknemers <b>zelfstandig</b> kunnen werken.,Ik vond het in het begin moeilijk om <b>zelfstandig</b> te wonen.,independent;independently,Het is prettig als werknemers <b>zelfstandig</b> kunnen werken.,False,1070.6,0.3
4,1098925.0,3561.0,True,3,gewoonte,Ik heb de slechte <b>gewoonte</b> om te laat te komen.,Het is een goede <b>gewoonte</b> om je handen te wassen voor het eten.,habit,Ik heb de slechte <b>gewoonte</b> om te laat te komen.,False,895.1,0.3
5,1105388.0,946.0,True,2,zelfstandig,Het is prettig als werknemers <b>zelfstandig</b> kunnen werken.,Ik vond het in het begin moeilijk om <b>zelfstandig</b> te wonen.,independent;independently,Het is prettig als werknemers <b>zelfstandig</b> kunnen werken.,False,1070.6,0.250390625
6,1109686.0,1124.0,True,3,gewoonte,Ik heb de slechte <b>gewoonte</b> om te laat te komen.,Het is een goede <b>gewoonte</b> om je handen te wassen voor het eten.,habit,Ik heb de slechte <b>gewoonte</b> om te laat te komen.,False,895.1,0.250390625
7,1112919.0,1642.0,True,4,verwondering,Kinderen zitten vol <b>verwondering</b>.,Ik sta vol <b>verwondering</b> naar de sterren te kijken.,wonder;surprise,Kinderen zitten vol <b>verwondering</b>.,False,622.1,0.3
8,1132546.0,2001.0,True,5,bijeenkomst,SNIC is een <b>bijeenkomst</b> met studenten van verschillende opleidingen.,De <b>bijeenkomst</b> begint om 10 uur.,meeting;gathering,SNIC is een <b>bijeenkomst</b> met studenten van verschillende opleidingen.,False,1304.6,0.3
9,1137375.0,1244.0,True,4,verwondering,Kinderen zitten vol <b>verwondering</b>.,Ik sta vol <b>verwondering</b> naar de sterren te kijken.,wonder;surprise,Kinderen zitten vol <b>verwondering</b>.,False,622.1,0.250390625
10,1140868.0,1323.0,True,5,bijeenkomst,SNIC is een <b>bijeenkomst</b> met studenten van verschillende opleidingen.,De <b>bijeenkomst</b> begint om 10 uur.,meeting;gathering,SNIC is een <b>bijeenkomst</b> met studenten van verschillende opleidingen.,False,1304.6,0.250390625
11,1145081.0,1042.0,True,6,vriendschap,Deze <b>vriendschap</b> is erg belangrijk voor mij.,Een <b>vriendschap</b> moet onderhouden worden.,friendship,Deze <b>vriendschap</b> is erg belangrijk voor mij.,False,836.6,0.3
12,1150071.0,7527.0,False,7,verwarring,De fout op de poster zorgde voor veel <b>verwarring</b>.,Tegenstrijdige berichten leiden tot <b>verwarring</b>.,confusion,De fout op de poster zorgde voor veel <b>verwarring</b>.,False,934.1,0.3
13,1159461.0,1307.0,True,6,vriendschap,Deze <b>vriendschap</b> is erg belangrijk voor mij.,Een <b>vriendschap</b> moet onderhouden worden.,friendship,Deze <b>vriendschap</b> is erg belangrijk voor mij.,False,836.6,0.250390625
14,1164583.0,674.0,True,7,verwarring,De fout op de poster zorgde voor veel <b>verwarring</b>.,Tegenstrijdige berichten leiden tot <b>verwarring</b>.,confusion,De fout op de poster zorgde voor veel <b>verwarring</b>.,False,934.1,0.250390625
15,1169169.0,4381.0,True,8,scheren,Ik moet iedere morgen opnieuw de stoppels van mijn gezicht <b>scheren</b>.,Mijn vader heeft me geleerd hoe ik moet <b>scheren</b>.,shave;to shave<b>,Ik moet iedere morgen opnieuw de stoppels van mijn gezicht <b>scheren</b>.,False,1285.1,0.3
16,1175910.0,4044.0,True,9,kraag,De <b>kraag</b> van mijn overhemd is te strak.,Zij greep hem bij de <b>kraag</b> toen hij iets verkeerd deed.,collar,De <b>kraag</b> van mijn overhemd is te strak.,False,739.1,0.3
17,1182300.0,1983.0,True,8,scheren,Ik moet iedere morgen opnieuw de stoppels van mijn gezicht <b>scheren</b>.,Mijn vader heeft me geleerd hoe ik moet <b>scheren</b>.,shave;to shave<b>,Ik moet iedere morgen opnieuw de stoppels van mijn gezicht <b>scheren</b>.,False,1285.1,0.250390625
18,1186385.0,1237.0,True,9,kraag,De <b>kraag</b> van mijn overhemd is te strak.,Zij greep hem bij de <b>kraag</b> toen hij iets verkeerd deed.,collar,De <b>kraag</b> van mijn overhemd is te strak.,False,739.1,0.250390625
19,1189974.0,2592.0,True,10,onverschillig,Ik ben <b>onverschillig</b> tegenover de mening van anderen.,"Ze leek heel <b>onverschillig</b>,maar dat viel uiteindelijk mee.",indifferent,Ik ben <b>onverschillig</b> tegenover de mening van anderen.,False,1012.1,0.3
20,1197751.0,1945.0,True,11,blinken,Nieuwe munten <b>blinken</b> nog.,De sterren <b>blinken</b> in de nacht.,shine;to shine,Nieuwe munten <b>blinken</b> nog.,False,485.6,0.3
21,1201858.0,1858.0,True,10,onverschillig,Ik ben <b>onverschillig</b> tegenover de mening van anderen.,"Ze leek heel <b>onverschillig</b>,maar dat viel uiteindelijk mee.",indifferent,Ik ben <b>onverschillig</b> tegenover de mening van anderen.,False,1012.1,0.250390625
22,1207416.0,1423.0,True,11,blinken,Nieuwe munten <b>blinken</b> nog.,De sterren <b>blinken</b> in de nacht.,shine;to shine,Nieuwe munten <b>blinken</b> nog.,False,485.6,0.250390625
23,1211011.0,4403.0,True,1,verschrikkelijk,Ik vind het <b>verschrikkelijk</b> om voor een groep te spreken.,Het was een <b>verschrikkelijke</b> dag.,terrible;awful;horrible;dreadful,verschrikkelijk,False,1090.1,0.29960937499999996
24,1218279.0,1939.0,True,12,eenzaamheid,Tijdens de pandemie hadden veel studenten last van <b>eenzaamheid</b>.,<b>Eenzaamheid</b> is een groot probleem onder ouderen.,loneliness;solitude,Tijdens de pandemie hadden veel studenten last van <b>eenzaamheid</b>.,False,1207.1,0.3
25,1224390.0,1136.0,True,2,zelfstandig,Het is prettig als werknemers <b>zelfstandig</b> kunnen werken.,Ik vond het in het begin moeilijk om <b>zelfstandig</b> te wonen.,independent;independently,zelfstandig,False,1070.6,0.20078125
26,1228977.0,1184.0,True,12,eenzaamheid,Tijdens de pandemie hadden veel studenten last van <b>eenzaamheid</b>.,<b>Eenzaamheid</b> is een groot probleem onder ouderen.,loneliness;solitude,Tijdens de pandemie hadden veel studenten last van <b>eenzaamheid</b>.,False,1207.1,0.250390625
27,1233475.0,1163.0,True,3,gewoonte,Ik heb de slechte <b>gewoonte</b> om te laat te komen.,Het is een goede <b>gewoonte</b> om je handen te wassen voor het eten.,habit,gewoonte,False,895.1,0.20078125
28,1237794.0,9198.0,False,13,tevreden,Mijn baas was erg <b>tevreden</b> over het resultaat.,"Hij is niet snel <b>tevreden</b>,hij is erg kritisch.",satisfied,Mijn baas was erg <b>tevreden</b> over het resultaat.,False,875.6,0.3
29,1248868.0,12967.0,False,14,moed,Er is veel <b>moed</b> voor nodig om het uit te maken.,Ik heb de <b>moed</b> niet om het te zeggen.,courage,Er is veel <b>moed</b> voor nodig om het uit te maken.,False,895.1,0.3
30,1263785.0,2033.0,True,13,tevreden,Mijn baas was erg <b>tevreden</b> over het resultaat.,"Hij is niet snel <b>tevreden</b>,hij is erg kritisch.",satisfied,Mijn baas was erg <b>tevreden</b> over het resultaat.,False,875.6,0.250390625
31,1269644.0,2685.0,False,14,moed,Er is veel <b>moed</b> voor nodig om het uit te maken.,Ik heb de <b>moed</b> niet om het te zeggen.,courage,Er is veel <b>moed</b> voor nodig om het uit te maken.,False,895.1,0.349609375
32,1276317.0,1556.0,True,5,bijeenkomst,SNIC is een <b>bijeenkomst</b> met studenten van verschillende opleidingen.,De <b>bijeenkomst</b> begint om 10 uur.,meeting;gathering,bijeenkomst,False,1304.6,0.20078125
33,1280315.0,1666.0,True,4,verwondering,Kinderen zitten vol <b>verwondering</b>.,Ik sta vol <b>verwondering</b> naar de sterren te kijken.,wonder;surprise,verwondering,False,622.1,0.20078125
34,1284245.0,4802.0,True,15,nieuwsgierig,Ik was vroeger een heel <b>nieuwsgierig</b> kind.,Ik ben <b>nieuwsgierig</b> naar de resultaten van het onderzoek.,curious,Ik was vroeger een heel <b>nieuwsgierig</b> kind.,False,797.6,0.3
35,1292010.0,4613.0,True,14,moed,Er is veel <b>moed</b> voor nodig om het uit te maken.,Ik heb de <b>moed</b> niet om het te zeggen.,courage,Er is veel <b>moed</b> voor nodig om het uit te maken.,False,895.1,0.39921874999999996
36,1299473.0,1170.0,True,15,nieuwsgierig,Ik was vroeger een heel <b>nieuwsgierig</b> kind.,Ik ben <b>nieuwsgierig</b> naar de resultaten van het onderzoek.,curious,Ik was vroeger een heel <b>nieuwsgierig</b> kind.,False,797.6,0.250390625
37,1303395.0,2982.0,True,1,verschrikkelijk,Ik vind het <b>verschrikkelijk</b> om voor een groep te spreken.,Het was een <b>verschrikkelijke</b> dag.,terrible;awful;horrible;dreadful,Ik vind het <b>verschrikkelijk</b> om voor een groep te spreken.,False,1090.1,0.2749999999999999
38,1309646.0,1016.0,True,6,vriendschap,Deze <b>vriendschap</b> is erg belangrijk voor mij.,Een <b>vriendschap</b> moet onderhouden worden.,friendship,vriendschap,False,836.6,0.20078125
39,0.0,1317942.0,True,1,verschrikkelijk,Ik vind het <b>verschrikkelijk</b> om voor een groep te spreken.,Het was een <b>verschrikkelijke</b> dag.,terrible;awful;horrible;dreadful,Ik vind het <b>verschrikkelijk</b> om voor een groep te spreken.,False,1090.1,0.3
40,1320918.0,10470.0,False,7,verwarring,De fout op de poster zorgde voor veel <b>verwarring</b>.,Tegenstrijdige berichten leiden tot <b>verwarring</b>.,confusion,verwarring,False,934.1,0.29999999999999993
41,1333528.0,1267.0,True,14,moed,Er is veel <b>moed</b> voor nodig om het uit te maken.,Ik heb de <b>moed</b> niet om het te zeggen.,courage,Ik heb de <b>moed</b> niet om het te zeggen.,False,895.1,0.398828125
42,1337426.0,1085.0,True,9,kraag,De <b>kraag</b> van mijn overhemd is te strak.,Zij greep hem bij de <b>kraag</b> toen hij iets verkeerd deed.,collar,kraag,False,739.1,0.20078125
43,1340791.0,1213.0,True,8,scheren,Ik moet iedere morgen opnieuw de stoppels van mijn gezicht <b>scheren</b>.,Mijn vader heeft me geleerd hoe ik moet <b>scheren</b>.,shave;to shave<b>,scheren,False,1285.1,0.20078125
44,1344399.0,1295.0,False,11,blinken,Nieuwe munten <b>blinken</b> nog.,De sterren <b>blinken</b> in de nacht.,shine;to shine,blinken,False,485.6,0.29999999999999993
45,1347816.0,2887.0,True,10,onverschillig,Ik ben <b>onverschillig</b> tegenover de mening van anderen.,"Ze leek heel <b>onverschillig</b>,maar dat viel uiteindelijk mee.",indifferent,onverschillig,False,1012.1,0.275
46,1355913.0,990.0,True,12,eenzaamheid,Tijdens de pandemie hadden veel studenten last van <b>eenzaamheid</b>.,<b>Eenzaamheid</b> is een groot probleem onder ouderen.,loneliness;solitude,eenzaamheid,False,1207.1,0.20078125
47,1360037.0,8880.0,True,16,ongemakkelijk,Het was een beetje <b>ongemakkelijk</b> op de dansvloer.,Ik voel me <b>ongemakkelijk</b> bij dit gesprek.,awkward,Het was een beetje <b>ongemakkelijk</b> op de dansvloer.,False,934.1,0.3
48,1372515.0,4529.0,True,17,beschrijven,Het is lastig om de smaak van een gerecht te <b>beschrijven</b>.,Kun je proberen je gevoelens te <b>beschrijven</b>?,describe;to describe,Het is lastig om de smaak van een gerecht te <b>beschrijven</b>.,False,1090.1,0.3
49,1380721.0,3170.0,True,16,ongemakkelijk,Het was een beetje <b>ongemakkelijk</b> op de dansvloer.,Ik voel me <b>ongemakkelijk</b> bij dit gesprek.,awkward,Het was een beetje <b>ongemakkelijk</b> op de dansvloer.,False,934.1,0.266015625
50,1387107.0,1128.0,True,17,beschrijven,Het is lastig om de smaak van een gerecht te <b>beschrijven</b>.,Kun je proberen je gevoelens te <b>beschrijven</b>?,describe;to describe,Het is lastig om de smaak van een gerecht te <b>beschrijven</b>.,False,1090.1,0.250390625
51,1390976.0,1352.0,True,14,moed,Er is veel <b>moed</b> voor nodig om het uit te maken.,Ik heb de <b>moed</b> niet om het te zeggen.,courage,Ik heb de <b>moed</b> niet om het te zeggen.,True,895.1,0.34921875
52,1394997.0,5327.0,True,18,vreugde,Het optreden bracht haar intense <b>vreugde</b>.,De <b>vreugde</b> van kinderen is aanstekelijk.,joy,Het optreden bracht haar intense <b>vreugde</b>.,False,778.1,0.3
53,1402533.0,3239.0,True,7,verwarring,De fout op de poster zorgde voor veel <b>verwarring</b>.,Tegenstrijdige berichten leiden tot <b>verwarring</b>.,confusion,De fout op de poster zorgde voor veel <b>verwarring</b>.,False,934.1,0.3003906249999999
54,1408757.0,1075.0,False,18,vreugde,Het optreden bracht haar intense <b>vreugde</b>.,De <b>vreugde</b> van kinderen is aanstekelijk.,joy,Het optreden bracht haar intense <b>vreugde</b>.,False,778.1,0.349609375
55,1415129.0,3187.0,True,13,tevreden,Mijn baas was erg <b>tevreden</b> over het resultaat.,"Hij is niet snel <b>tevreden</b>,hij is erg kritisch.",satisfied,tevreden,False,875.6,0.29999999999999993
56,1422257.0,1240.0,True,11,blinken,Nieuwe munten <b>blinken</b> nog.,De sterren <b>blinken</b> in de nacht.,shine;to shine,Nieuwe munten <b>blinken</b> nog.,False,485.6,0.250390625
57,1425679.0,1456.0,True,19,spontaan,Ik vind het leuk om <b>spontaan</b> af te spreken.,"Jij bent heel <b>spontaan</b>,dat is leuk.",spontaneous,Ik vind het leuk om <b>spontaan</b> af te spreken.,False,817.1,0.3
58,1430722.0,1065.0,True,18,vreugde,Het optreden bracht haar intense <b>vreugde</b>.,De <b>vreugde</b> van kinderen is aanstekelijk.,joy,Het optreden bracht haar intense <b>vreugde</b>.,False,778.1,0.34921875
59,1433989.0,912.0,True,19,spontaan,Ik vind het leuk om <b>spontaan</b> af te spreken.,"Jij bent heel <b>spontaan</b>,dat is leuk.",spontaneous,Ik vind het leuk om <b>spontaan</b> af te spreken.,False,817.1,0.250390625
60,1440107.0,4439.0,True,15,nieuwsgierig,Ik was vroeger een heel <b>nieuwsgierig</b> kind.,Ik ben <b>nieuwsgierig</b> naar de resultaten van het onderzoek.,curious,nieuwsgierig,False,797.6,0.29999999999999993
61,1448091.0,10351.0,False,20,begroeten,Wij <b>begroeten</b> elkaar altijd als we thuis komen.,Wat is de beste manier om een kennis te <b>begroeten</b>?,greet;to greet,Wij <b>begroeten</b> elkaar altijd als we thuis komen.,False,895.1,0.3
62,1462115.0,2289.0,True,21,overdrijven,"Sommige mensen vinden het leuk om te <b>overdrijven</b>,ik vind het verwarrend.","Je moet niet <b>overdrijven</b>,het is niet zo erg.",exaggerate;to exaggerate,"Sommige mensen vinden het leuk om te <b>overdrijven</b>,ik vind het verwarrend.",False,1382.6,0.3
63,1467761.0,1899.0,True,20,begroeten,Wij <b>begroeten</b> elkaar altijd als we thuis komen.,Wat is de beste manier om een kennis te <b>begroeten</b>?,greet;to greet,Wij <b>begroeten</b> elkaar altijd als we thuis komen.,False,895.1,0.250390625
64,1473468.0,1283.0,True,21,overdrijven,"Sommige mensen vinden het leuk om te <b>overdrijven</b>,ik vind het verwarrend.","Je moet niet <b>overdrijven</b>,het is niet zo erg.",exaggerate;to exaggerate,"Sommige mensen vinden het leuk om te <b>overdrijven</b>,ik vind het verwarrend.",False,1382.6,0.250390625
65,1478190.0,inf,True,16,ongemakkelijk,Het was een beetje <b>ongemakkelijk</b> op de dansvloer.,Ik voel me <b>ongemakkelijk</b> bij dit gesprek.,awkward,ongemakkelijk,False,934.1,0.31562499999999993
66,1489310.0,1373.0,True,18,vreugde,Het optreden bracht haar intense <b>vreugde</b>.,De <b>vreugde</b> van kinderen is aanstekelijk.,joy,Het optreden bracht haar intense <b>vreugde</b>.,False,778.1,0.29960937500000007
67,1492848.0,2373.0,True,22,vergeven,"Ik heb het haar <b>vergeven</b>,maar ik vergeet het niet.",Kun je het me <b>vergeven</b>?,forgive;to forgive,"Ik heb het haar <b>vergeven</b>,maar ik vergeet het niet.",False,953.6,0.3
68,1497917.0,1840.0,True,10,onverschillig,Ik ben <b>onverschillig</b> tegenover de mening van anderen.,"Ze leek heel <b>onverschillig</b>,maar dat viel uiteindelijk mee.",indifferent,onverschillig,False,1012.1,0.22539062500000004
69,1503294.0,1146.0,True,22,vergeven,"Ik heb het haar <b>vergeven</b>,maar ik vergeet het niet.",Kun je het me <b>vergeven</b>?,forgive;to forgive,"Ik heb het haar <b>vergeven</b>,maar ik vergeet het niet.",False,953.6,0.250390625
70,1507744.0,3432.0,True,13,tevreden,Mijn baas was erg <b>tevreden</b> over het resultaat.,"Hij is niet snel <b>tevreden</b>,hij is erg kritisch.",satisfied,Mijn baas was erg <b>tevreden</b> over het resultaat.,False,875.6,0.3003906249999999
71,1514506.0,1058.0,True,17,beschrijven,Het is lastig om de smaak van een gerecht te <b>beschrijven</b>.,Kun je proberen je gevoelens te <b>beschrijven</b>?,describe;to describe,beschrijven,False,1090.1,0.20078125
72,1518611.0,1769.0,True,15,nieuwsgierig,Ik was vroeger een heel <b>nieuwsgierig</b> kind.,Ik ben <b>nieuwsgierig</b> naar de resultaten van het onderzoek.,curious,Ik was vroeger een heel <b>nieuwsgierig</b> kind.,False,797.6,0.250390625
73,1523183.0,827.0,True,19,spontaan,Ik vind het leuk om <b>spontaan</b> af te spreken.,"Jij bent heel <b>spontaan</b>,dat is leuk.",spontaneous,spontaan,False,817.1,0.20078125
74,1527337.0,1199.0,True,14,moed,Er is veel <b>moed</b> voor nodig om het uit te maken.,Ik heb de <b>moed</b> niet om het te zeggen.,courage,Ik heb de <b>moed</b> niet om het te zeggen.,True,895.1,0.29960937500000007
75,1532227.0,4330.0,True,16,ongemakkelijk,Het was een beetje <b>ongemakkelijk</b> op de dansvloer.,Ik voel me <b>ongemakkelijk</b> bij dit gesprek.,awkward,Het was een beetje <b>ongemakkelijk</b> op de dansvloer.,False,934.1,0.328515625
76,1539934.0,14317.0,True,7,verwarring,De fout op de poster zorgde voor veel <b>verwarring</b>.,Tegenstrijdige berichten leiden tot <b>verwarring</b>.,confusion,De fout op de poster zorgde voor veel <b>verwarring</b>.,False,934.1,0.3062499999999999
77,1558137.0,1424.0,True,21,overdrijven,"Sommige mensen vinden het leuk om te <b>overdrijven</b>,ik vind het verwarrend.","Je moet niet <b>overdrijven</b>,het is niet zo erg.",exaggerate;to exaggerate,overdrijven,False,1382.6,0.20078125
78,1562562.0,1190.0,True,20,begroeten,Wij <b>begroeten</b> elkaar altijd als we thuis komen.,Wat is de beste manier om een kennis te <b>begroeten</b>?,greet;to greet,begroeten,False,895.1,0.20078125
79,1566227.0,1333.0,True,22,vergeven,"Ik heb het haar <b>vergeven</b>,maar ik vergeet het niet.",Kun je het me <b>vergeven</b>?,forgive;to forgive,vergeven,False,953.6,0.20078125
80,1571514.0,2107.0,True,16,ongemakkelijk,Het was een beetje <b>ongemakkelijk</b> op de dansvloer.,Ik voel me <b>ongemakkelijk</b> bij dit gesprek.,awkward,Het was een beetje <b>ongemakkelijk</b> op de dansvloer.,False,934.1,0.3265625
81,1576860.0,1612.0,True,13,tevreden,Mijn baas was erg <b>tevreden</b> over het resultaat.,"Hij is niet snel <b>tevreden</b>,hij is erg kritisch.",satisfied,Mijn baas was erg <b>tevreden</b> over het resultaat.,False,875.6,0.25625
82,1581902.0,1294.0,True,18,vreugde,Het optreden bracht haar intense <b>vreugde</b>.,De <b>vreugde</b> van kinderen is aanstekelijk.,joy,Het optreden bracht haar intense <b>vreugde</b>.,False,778.1,0.2500000000000001
83,1586762.0,1165.0,True,2,zelfstandig,Het is prettig als werknemers <b>zelfstandig</b> kunnen werken.,Ik vond het in het begin moeilijk om <b>zelfstandig</b> te wonen.,independent;independently,zelfstandig,False,1070.6,0.15117187499999998
84,1590884.0,1186.0,True,3,gewoonte,Ik heb de slechte <b>gewoonte</b> om te laat te komen.,Het is een goede <b>gewoonte</b> om je handen te wassen voor het eten.,habit,gewoonte,False,895.1,0.15117187499999998
85,1594227.0,1427.0,True,5,bijeenkomst,SNIC is een <b>bijeenkomst</b> met studenten van verschillende opleidingen.,De <b>bijeenkomst</b> begint om 10 uur.,meeting;gathering,bijeenkomst,False,1304.6,0.15117187499999998
86,1598524.0,2965.0,True,7,verwarring,De fout op de poster zorgde voor veel <b>verwarring</b>.,Tegenstrijdige berichten leiden tot <b>verwarring</b>.,confusion,De fout op de poster zorgde voor veel <b>verwarring</b>.,False,934.1,0.31132812499999984
87,1606554.0,3385.0,True,1,verschrikkelijk,Ik vind het <b>verschrikkelijk</b> om voor een groep te spreken.,Het was een <b>verschrikkelijke</b> dag.,terrible;awful;horrible;dreadful,verschrikkelijk,False,1090.1,0.32460937499999987
88,1613066.0,1168.0,True,11,blinken,Nieuwe munten <b>blinken</b> nog.,De sterren <b>blinken</b> in de nacht.,shine;to shine,blinken,False,485.6,0.20078125
89,1616442.0,900.0,True,6,vriendschap,Deze <b>vriendschap</b> is erg belangrijk voor mij.,Een <b>vriendschap</b> moet onderhouden worden.,friendship,vriendschap,False,836.6,0.15117187499999998
90,1621010.0,1217.0,True,4,verwondering,Kinderen zitten vol <b>verwondering</b>.,Ik sta vol <b>verwondering</b> naar de sterren te kijken.,wonder;surprise,verwondering,False,622.1,0.15117187499999998
91,1624530.0,1052.0,True,9,kraag,De <b>kraag</b> van mijn overhemd is te strak.,Zij greep hem bij de <b>kraag</b> toen hij iets verkeerd deed.,collar,kraag,False,739.1,0.15117187499999998
92,1627911.0,3347.0,False,1,verschrikkelijk,Ik vind het <b>verschrikkelijk</b> om voor een groep te spreken.,Het was een <b>verschrikkelijke</b> dag.,terrible;awful;horrible;dreadful,Ik vind het <b>verschrikkelijk</b> om voor een groep te spreken.,False,1090.1,0.3742187499999998
93,1634953.0,3405.0,True,16,ongemakkelijk,Het was een beetje <b>ongemakkelijk</b> op de dansvloer.,Ik voel me <b>ongemakkelijk</b> bij dit gesprek.,awkward,Het was een beetje <b>ongemakkelijk</b> op de dansvloer.,False,934.1,0.327734375
94,1641032.0,5054.0,True,1,verschrikkelijk,Ik vind het <b>verschrikkelijk</b> om voor een groep te spreken.,Het was een <b>verschrikkelijke</b> dag.,terrible;awful;horrible;dreadful,Het was een <b>verschrikkelijke</b> dag.,False,1090.1,0.4238281249999998
95,1649294.0,1685.0,True,8,scheren,Ik moet iedere morgen opnieuw de stoppels van mijn gezicht <b>scheren</b>.,Mijn vader heeft me geleerd hoe ik moet <b>scheren</b>.,shave;to shave<b>,scheren,False,1285.1,0.169140625
96,1653444.0,3668.0,True,1,verschrikkelijk,Ik vind het <b>verschrikkelijk</b> om voor een groep te spreken.,Het was een <b>verschrikkelijke</b> dag.,terrible;awful;horrible;dreadful,Het was een <b>verschrikkelijke</b> dag.,True,1090.1,0.47343749999999973
97,1659772.0,1186.0,True,12,eenzaamheid,Tijdens de pandemie hadden veel studenten last van <b>eenzaamheid</b>.,<b>Eenzaamheid</b> is een groot probleem onder ouderen.,loneliness;solitude,eenzaamheid,False,1207.1,0.15117187499999998
98,1664014.0,1373.0,True,1,verschrikkelijk,Ik vind het <b>verschrikkelijk</b> om voor een groep te spreken.,Het was een <b>verschrikkelijke</b> dag.,terrible;awful;horrible;dreadful,Het was een <b>verschrikkelijke</b> dag.,True,1090.1,0.4238281249999998
99,1669251.0,3433.0,True,7,verwarring,De fout op de poster zorgde voor veel <b>verwarring</b>.,Tegenstrijdige berichten leiden tot <b>verwarring</b>.,confusion,De fout op de poster zorgde voor veel <b>verwarring</b>.,False,934.1,0.3359374999999999
100,1676225.0,1653.0,True,15,nieuwsgierig,Ik was vroeger een heel <b>nieuwsgierig</b> kind.,Ik ben <b>nieuwsgierig</b> naar de resultaten van het onderzoek.,curious,nieuwsgierig,False,797.6,0.22656249999999997
101,1680419.0,1364.0,False,14,moed,Er is veel <b>moed</b> voor nodig om het uit te maken.,Ik heb de <b>moed</b> niet om het te zeggen.,courage,Ik heb de <b>moed</b> niet om het te zeggen.,True,895.1,0.30000000000000004
102,1684223.0,3881.0,True,16,ongemakkelijk,Het was een beetje <b>ongemakkelijk</b> op de dansvloer.,Ik voel me <b>ongemakkelijk</b> bij dit gesprek.,awkward,Het was een beetje <b>ongemakkelijk</b> op de dansvloer.,False,934.1,0.37734375
103,1693050.0,1341.0,True,1,verschrikkelijk,Ik vind het <b>verschrikkelijk</b> om voor een groep te spreken.,Het was een <b>verschrikkelijke</b> dag.,terrible;awful;horrible;dreadful,Het was een <b>verschrikkelijke</b> dag.,True,1090.1,0.4234374999999998
104,1698433.0,2064.0,True,16,ongemakkelijk,Het was een beetje <b>ongemakkelijk</b> op de dansvloer.,Ik voel me <b>ongemakkelijk</b> bij dit gesprek.,awkward,Ik voel me <b>ongemakkelijk</b> bij dit gesprek.,False,934.1,0.376953125
105,1704573.0,1481.0,True,19,spontaan,Ik vind het leuk om <b>spontaan</b> af te spreken.,"Jij bent heel <b>spontaan</b>,dat is leuk.",spontaneous,spontaan,False,817.1,0.15117187499999998
106,1709622.0,inf,True,7,verwarring,De fout op de poster zorgde voor veel <b>verwarring</b>.,Tegenstrijdige berichten leiden tot <b>verwarring</b>.,confusion,De fout op de poster zorgde voor veel <b>verwarring</b>.,False,934.1,0.38554687499999984
107,1718395.0,6394.0,True,10,onverschillig,Ik ben <b>onverschillig</b> tegenover de mening van anderen.,"Ze leek heel <b>onverschillig</b>,maar dat viel uiteindelijk mee.",indifferent,onverschillig,False,1012.1,0.275
108,1729255.0,inf,True,7,verwarring,De fout op de poster zorgde voor veel <b>verwarring</b>.,Tegenstrijdige berichten leiden tot <b>verwarring</b>.,confusion,Tegenstrijdige berichten leiden tot <b>verwarring</b>.,False,934.1,0.41484374999999984
109,1738627.0,1574.0,True,1,verschrikkelijk,Ik vind het <b>verschrikkelijk</b> om voor een groep te spreken.,Het was een <b>verschrikkelijke</b> dag.,terrible;awful;horrible;dreadful,Het was een <b>verschrikkelijke</b> dag.,True,1090.1,0.37382812499999984
110,1743401.0,3925.0,True,7,verwarring,De fout op de poster zorgde voor veel <b>verwarring</b>.,Tegenstrijdige berichten leiden tot <b>verwarring</b>.,confusion,Tegenstrijdige berichten leiden tot <b>verwarring</b>.,True,934.1,0.4152343749999998
111,1750420.0,2838.0,True,16,ongemakkelijk,Het was een beetje <b>ongemakkelijk</b> op de dansvloer.,Ik voel me <b>ongemakkelijk</b> bij dit gesprek.,awkward,Ik voel me <b>ongemakkelijk</b> bij dit gesprek.,True,934.1,0.42578125
112,1756613.0,1070.0,True,17,beschrijven,Het is lastig om de smaak van een gerecht te <b>beschrijven</b>.,Kun je proberen je gevoelens te <b>beschrijven</b>?,describe;to describe,beschrijven,False,1090.1,0.15117187499999998
113,1762401.0,2334.0,True,16,ongemakkelijk,Het was een beetje <b>ongemakkelijk</b> op de dansvloer.,Ik voel me <b>ongemakkelijk</b> bij dit gesprek.,awkward,Ik voel me <b>ongemakkelijk</b> bij dit gesprek.,True,934.1,0.43476562500000004
114,1767533.0,4029.0,True,10,onverschillig,Ik ben <b>onverschillig</b> tegenover de mening van anderen.,"Ze leek heel <b>onverschillig</b>,maar dat viel uiteindelijk mee.",indifferent,onverschillig,False,1012.1,0.276953125
115,1775388.0,1911.0,True,7,verwarring,De fout op de poster zorgde voor veel <b>verwarring</b>.,Tegenstrijdige berichten leiden tot <b>verwarring</b>.,confusion,Tegenstrijdige berichten leiden tot <b>verwarring</b>.,True,934.1,0.41484374999999984
116,1780350.0,3471.0,True,16,ongemakkelijk,Het was een beetje <b>ongemakkelijk</b> op de dansvloer.,Ik voel me <b>ongemakkelijk</b> bij dit gesprek.,awkward,Ik voel me <b>ongemakkelijk</b> bij dit gesprek.,True,934.1,0.45078125
117,1786827.0,1145.0,True,21,overdrijven,"Sommige mensen vinden het leuk om te <b>overdrijven</b>,ik vind het verwarrend.","Je moet niet <b>overdrijven</b>,het is niet zo erg.",exaggerate;to exaggerate,overdrijven,False,1382.6,0.15117187499999998
118,1791376.0,1473.0,True,22,vergeven,"Ik heb het haar <b>vergeven</b>,maar ik vergeet het niet.",Kun je het me <b>vergeven</b>?,forgive;to forgive,vergeven,False,953.6,0.15117187499999998
119,1796135.0,3302.0,True,16,ongemakkelijk,Het was een beetje <b>ongemakkelijk</b> op de dansvloer.,Ik voel me <b>ongemakkelijk</b> bij dit gesprek.,awkward,Ik voel me <b>ongemakkelijk</b> bij dit gesprek.,True,934.1,0.451171875
120,1802072.0,1407.0,True,20,begroeten,Wij <b>begroeten</b> elkaar altijd als we thuis komen.,Wat is de beste manier om een kennis te <b>begroeten</b>?,greet;to greet,begroeten,False,895.1,0.15117187499999998
121,1805928.0,inf,True,13,tevreden,Mijn baas was erg <b>tevreden</b> over het resultaat.,"Hij is niet snel <b>tevreden</b>,hij is erg kritisch.",satisfied,tevreden,False,875.6,0.30351562499999996
122,1811950.0,1256.0,True,7,verwarring,De fout op de poster zorgde voor veel <b>verwarring</b>.,Tegenstrijdige berichten leiden tot <b>verwarring</b>.,confusion,Tegenstrijdige berichten leiden tot <b>verwarring</b>.,True,934.1,0.41445312499999987
123,1816499.0,1642.0,True,14,moed,Er is veel <b>moed</b> voor nodig om het uit te maken.,Ik heb de <b>moed</b> niet om het te zeggen.,courage,Ik heb de <b>moed</b> niet om het te zeggen.,True,895.1,0.2503906250000001
124,1820881.0,3882.0,True,16,ongemakkelijk,Het was een beetje <b>ongemakkelijk</b> op de dansvloer.,Ik voel me <b>ongemakkelijk</b> bij dit gesprek.,awkward,Ik voel me <b>ongemakkelijk</b> bij dit gesprek.,True,934.1,0.5007812500000001
125,1827952.0,2927.0,True,18,vreugde,Het optreden bracht haar intense <b>vreugde</b>.,De <b>vreugde</b> van kinderen is aanstekelijk.,joy,vreugde,False,778.1,0.2503906250000001
126,1833256.0,2505.0,True,16,ongemakkelijk,Het was een beetje <b>ongemakkelijk</b> op de dansvloer.,Ik voel me <b>ongemakkelijk</b> bij dit gesprek.,awkward,Ik voel me <b>ongemakkelijk</b> bij dit gesprek.,True,934.1,0.5503906250000001
127,1840396.0,3342.0,True,13,tevreden,Mijn baas was erg <b>tevreden</b> over het resultaat.,"Hij is niet snel <b>tevreden</b>,hij is erg kritisch.",satisfied,Mijn baas was erg <b>tevreden</b> over het resultaat.,False,875.6,0.328125
128,1846876.0,1277.0,True,16,ongemakkelijk,Het was een beetje <b>ongemakkelijk</b> op de dansvloer.,Ik voel me <b>ongemakkelijk</b> bij dit gesprek.,awkward,Ik voel me <b>ongemakkelijk</b> bij dit gesprek.,True,934.1,0.5500000000000002
129,1850676.0,1370.0,True,7,verwarring,De fout op de poster zorgde voor veel <b>verwarring</b>.,Tegenstrijdige berichten leiden tot <b>verwarring</b>.,confusion,Tegenstrijdige berichten leiden tot <b>verwarring</b>.,True,934.1,0.3648437499999999
130,1854899.0,1065.0,True,16,ongemakkelijk,Het was een beetje <b>ongemakkelijk</b> op de dansvloer.,Ik voel me <b>ongemakkelijk</b> bij dit gesprek.,awkward,Ik voel me <b>ongemakkelijk</b> bij dit gesprek.,True,934.1,0.5457031250000002
131,1859192.0,1238.0,True,1,verschrikkelijk,Ik vind het <b>verschrikkelijk</b> om voor een groep te spreken.,Het was een <b>verschrikkelijke</b> dag.,terrible;awful;horrible;dreadful,Het was een <b>verschrikkelijke</b> dag.,True,1090.1,0.3242187499999999
132,1863040.0,1053.0,True,16,ongemakkelijk,Het was een beetje <b>ongemakkelijk</b> op de dansvloer.,Ik voel me <b>ongemakkelijk</b> bij dit gesprek.,awkward,Ik voel me <b>ongemakkelijk</b> bij dit gesprek.,True,934.1,0.5328125000000002
133,1867783.0,2906.0,True,10,onverschillig,Ik ben <b>onverschillig</b> tegenover de mening van anderen.,"Ze leek heel <b>onverschillig</b>,maar dat viel uiteindelijk mee.",indifferent,onverschillig,False,1012.1,0.3265625
134,1874535.0,1506.0,True,13,tevreden,Mijn baas was erg <b>tevreden</b> over het resultaat.,"Hij is niet snel <b>tevreden</b>,hij is erg kritisch.",satisfied,Mijn baas was erg <b>tevreden</b> over het resultaat.,False,875.6,0.327734375
135,1878900.0,2227.0,True,16,ongemakkelijk,Het was een beetje <b>ongemakkelijk</b> op de dansvloer.,Ik voel me <b>ongemakkelijk</b> bij dit gesprek.,awkward,Ik voel me <b>ongemakkelijk</b> bij dit gesprek.,True,934.1,0.5332031250000002
136,1884127.0,4414.0,True,10,onverschillig,Ik ben <b>onverschillig</b> tegenover de mening van anderen.,"Ze leek heel <b>onverschillig</b>,maar dat viel uiteindelijk mee.",indifferent,Ik ben <b>onverschillig</b> tegenover de mening van anderen.,False,1012.1,0.32695312499999996
137,1891416.0,1138.0,True,16,ongemakkelijk,Het was een beetje <b>ongemakkelijk</b> op de dansvloer.,Ik voel me <b>ongemakkelijk</b> bij dit gesprek.,awkward,Ik voel me <b>ongemakkelijk</b> bij dit gesprek.,True,934.1,0.48359375000000027
138,1895214.0,1123.0,True,15,nieuwsgierig,Ik was vroeger een heel <b>nieuwsgierig</b> kind.,Ik ben <b>nieuwsgierig</b> naar de resultaten van het onderzoek.,curious,nieuwsgierig,False,797.6,0.22382812499999996
139,1899209.0,2334.0,True,13,tevreden,Mijn baas was erg <b>tevreden</b> over het resultaat.,"Hij is niet snel <b>tevreden</b>,hij is erg kritisch.",satisfied,Mijn baas was erg <b>tevreden</b> over het resultaat.,False,875.6,0.35234375000000007
140,1904540.0,1030.0,True,18,vreugde,Het optreden bracht haar intense <b>vreugde</b>.,De <b>vreugde</b> van kinderen is aanstekelijk.,joy,vreugde,False,778.1,0.2007812500000001
141,1907975.0,3027.0,True,10,onverschillig,Ik ben <b>onverschillig</b> tegenover de mening van anderen.,"Ze leek heel <b>onverschillig</b>,maar dat viel uiteindelijk mee.",indifferent,Ik ben <b>onverschillig</b> tegenover de mening van anderen.,False,1012.1,0.32734374999999993
142,1914701.0,1913.0,True,13,tevreden,Mijn baas was erg <b>tevreden</b> over het resultaat.,"Hij is niet snel <b>tevreden</b>,hij is erg kritisch.",satisfied,"Hij is niet snel <b>tevreden</b>,hij is erg kritisch.",False,875.6,0.3519531250000001
143,1919469.0,1158.0,True,16,ongemakkelijk,Het was een beetje <b>ongemakkelijk</b> op de dansvloer.,Ik voel me <b>ongemakkelijk</b> bij dit gesprek.,awkward,Ik voel me <b>ongemakkelijk</b> bij dit gesprek.,True,934.1,0.4339843750000003
144,1923206.0,1113.0,True,7,verwarring,De fout op de poster zorgde voor veel <b>verwarring</b>.,Tegenstrijdige berichten leiden tot <b>verwarring</b>.,confusion,Tegenstrijdige berichten leiden tot <b>verwarring</b>.,True,934.1,0.31523437499999996
145,1927528.0,1009.0,True,11,blinken,Nieuwe munten <b>blinken</b> nog.,De sterren <b>blinken</b> in de nacht.,shine;to shine,blinken,False,485.6,0.15117187499999998
146,1930653.0,956.0,True,8,scheren,Ik moet iedere morgen opnieuw de stoppels van mijn gezicht <b>scheren</b>.,Mijn vader heeft me geleerd hoe ik moet <b>scheren</b>.,shave;to shave<b>,scheren,False,1285.1,0.11953124999999998
147,1933872.0,6315.0,True,10,onverschillig,Ik ben <b>onverschillig</b> tegenover de mening van anderen.,"Ze leek heel <b>onverschillig</b>,maar dat viel uiteindelijk mee.",indifferent,Ik ben <b>onverschillig</b> tegenover de mening van anderen.,False,1012.1,0.3769531249999999
148,1943169.0,2959.0,True,13,tevreden,Mijn baas was erg <b>tevreden</b> over het resultaat.,"Hij is niet snel <b>tevreden</b>,hij is erg kritisch.",satisfied,"Hij is niet snel <b>tevreden</b>,hij is erg kritisch.",True,875.6,0.36796875000000007
149,1949539.0,9334.0,True,10,onverschillig,Ik ben <b>onverschillig</b> tegenover de mening van anderen.,"Ze leek heel <b>onverschillig</b>,maar dat viel uiteindelijk mee.",indifferent,"Ze leek heel <b>onverschillig</b>,maar dat viel uiteindelijk mee.",False,1012.1,0.42499999999999993
150,1961775.0,2706.0,True,13,tevreden,Mijn baas was erg <b>tevreden</b> over het resultaat.,"Hij is niet snel <b>tevreden</b>,hij is erg kritisch.",satisfied,"Hij is niet snel <b>tevreden</b>,hij is erg kritisch.",True,875.6,0.36835937500000004

trial,start_time,rt,correct,fact_id,question,context_1,context_2,answer,chosen_context,encounter_2,reading_time,fogetting_rate
1,116523.0,2650.0,True,1,vergeten,Ben je nou alweer je sleutel <b>vergeten</b>?,"Sorry,we waren <b>vergeten</b> de wiki aan te passen.",forget;to forget;forgot,vergeten,False,719.6,0.29960937499999996
2,121704.0,1167.0,True,1,vergeten,Ben je nou alweer je sleutel <b>vergeten</b>?,"Sorry,we waren <b>vergeten</b> de wiki aan te passen.",forget;to forget;forgot,vergeten,False,719.6,0.24999999999999997
3,125172.0,6240.0,False,2,onderdeel,Ik mis een <b>onderdeel</b> van mijn IKEA kast.,Deze opleiding is een <b>onderdeel</b> van de Rijksuniversiteit Groningen.,part;part of,onderdeel,False,758.6,0.3
4,133536.0,1239.0,False,3,kerel,Ik ben een gezonde <b>kerel</b>.,Die <b>kerel</b> blokkeert steeds mijn zicht.,guy;dude,kerel,False,466.1,0.3
5,136834.0,1201.0,True,2,onderdeel,Ik mis een <b>onderdeel</b> van mijn IKEA kast.,Deze opleiding is een <b>onderdeel</b> van de Rijksuniversiteit Groningen.,part;part of,onderdeel,False,758.6,0.250390625
6,140648.0,1307.0,True,3,kerel,Ik ben een gezonde <b>kerel</b>.,Die <b>kerel</b> blokkeert steeds mijn zicht.,guy;dude,kerel,False,466.1,0.250390625
7,143933.0,1006.0,True,4,alternatief,Ik vind thee geen goed <b>alternatief</b> voor koffie.,Ik heb een <b>alternatief</b> voorstel.,alternative,alternatief,False,895.1,0.3
8,148954.0,1608.0,False,5,woede,Ik probeer mijn <b>woede</b> te onderdrukken.,Ik vind <b>woede</b> moeilijk om mee om te gaan.,rage;anger,woede,False,719.6,0.3
9,152709.0,929.0,True,4,alternatief,Ik vind thee geen goed <b>alternatief</b> voor koffie.,Ik heb een <b>alternatief</b> voorstel.,alternative,alternatief,False,895.1,0.250390625
10,158708.0,2987.0,False,5,woede,Ik probeer mijn <b>woede</b> te onderdrukken.,Ik vind <b>woede</b> moeilijk om mee om te gaan.,rage;anger,woede,False,719.6,0.349609375
11,164051.0,3541.0,False,6,uitnodigen,Ik wil je graag <b>uitnodigen</b> voor mijn verjaardag.,Ze <b>nodigen</b> elke kunstenaar uit voor de expositie.,invite;to invite,uitnodigen,False,914.6,0.3
12,171415.0,2092.0,True,7,vervelend,Ik vind het <b>vervelend</b> als de koffie op is.,Doe eens niet zo <b>vervelend</b>.,annoying,vervelend,False,797.6,0.3
13,176820.0,1353.0,True,6,uitnodigen,Ik wil je graag <b>uitnodigen</b> voor mijn verjaardag.,Ze <b>nodigen</b> elke kunstenaar uit voor de expositie.,invite;to invite,uitnodigen,False,914.6,0.250390625
14,180614.0,1029.0,True,7,vervelend,Ik vind het <b>vervelend</b> als de koffie op is.,Doe eens niet zo <b>vervelend</b>.,annoying,vervelend,False,797.6,0.250390625
15,184278.0,15522.0,True,5,woede,Ik probeer mijn <b>woede</b> te onderdrukken.,Ik vind <b>woede</b> moeilijk om mee om te gaan.,rage;anger,woede,False,719.6,0.39921874999999996
16,202077.0,3797.0,False,8,matig,De burger smaakte een beetje <b>matig</b>.,Ik ben <b>matig</b> enthousiast over deze activiteit.,mediocre,matig,False,661.1,0.3
17,208222.0,1810.0,True,5,woede,Ik probeer mijn <b>woede</b> te onderdrukken.,Ik vind <b>woede</b> moeilijk om mee om te gaan.,rage;anger,woede,False,719.6,0.398828125
18,212390.0,1429.0,True,8,matig,De burger smaakte een beetje <b>matig</b>.,Ik ben <b>matig</b> enthousiast over deze activiteit.,mediocre,matig,False,661.1,0.250390625
19,216581.0,3666.0,False,9,algemeen,Dat is niet <b>algemeen</b> bekend.,Over het <b>algemeen</b> ben ik hier heel goed in.,general,algemeen,False,524.6,0.3
20,222706.0,1081.0,True,1,vergeten,Ben je nou alweer je sleutel <b>vergeten</b>?,"Sorry,we waren <b>vergeten</b> de wiki aan te passen.",forget;to forget;forgot,vergeten,False,719.6,0.200390625
21,227591.0,1282.0,True,9,algemeen,Dat is niet <b>algemeen</b> bekend.,Over het <b>algemeen</b> ben ik hier heel goed in.,general,algemeen,False,524.6,0.250390625
22,231553.0,4619.0,False,10,meningen,Politici hebben altijd veel <b>meningen</b>.,Ik heb verschillende <b>meningen</b> over dit onderwerp.,opinions,meningen,False,700.1,0.3
23,239501.0,4250.0,False,11,verwachten,Ze <b>verwachten</b> dat het morgen gaat regenen.,Wij <b>verwachten</b> dat jij het goed gaat doen.,expect;to expect,verwachten,False,797.6,0.3
24,246064.0,3950.0,True,10,meningen,Politici hebben altijd veel <b>meningen</b>.,Ik heb verschillende <b>meningen</b> over dit onderwerp.,opinions,meningen,False,700.1,0.349609375
25,252939.0,1485.0,True,11,verwachten,Ze <b>verwachten</b> dat het morgen gaat regenen.,Wij <b>verwachten</b> dat jij het goed gaat doen.,expect;to expect,verwachten,False,797.6,0.250390625
26,257262.0,2680.0,True,5,woede,Ik probeer mijn <b>woede</b> te onderdrukken.,Ik vind <b>woede</b> moeilijk om mee om te gaan.,rage;anger,woede,False,719.6,0.43671874999999993
27,262089.0,1654.0,True,3,kerel,Ik ben een gezonde <b>kerel</b>.,Die <b>kerel</b> blokkeert steeds mijn zicht.,guy;dude,kerel,False,466.1,0.20078125
28,265763.0,32106.0,False,2,onderdeel,Ik mis een <b>onderdeel</b> van mijn IKEA kast.,Deze opleiding is een <b>onderdeel</b> van de Rijksuniversiteit Groningen.,part;part of,onderdeel,False,758.6,0.29999999999999993
29,300271.0,1490.0,True,10,meningen,Politici hebben altijd veel <b>meningen</b>.,Ik heb verschillende <b>meningen</b> over dit onderwerp.,opinions,meningen,False,700.1,0.30000000000000004
30,304755.0,1596.0,True,5,woede,Ik probeer mijn <b>woede</b> te onderdrukken.,Ik vind <b>woede</b> moeilijk om mee om te gaan.,rage;anger,woede,False,719.6,0.42851562499999996
31,308474.0,3315.0,True,4,alternatief,Ik vind thee geen goed <b>alternatief</b> voor koffie.,Ik heb een <b>alternatief</b> voorstel.,alternative,alternatief,False,895.1,0.2984375
32,326126.0,1103.0,True,7,vervelend,Ik vind het <b>vervelend</b> als de koffie op is.,Doe eens niet zo <b>vervelend</b>.,annoying,vervelend,False,797.6,0.20078125
33,330281.0,1070.0,True,6,uitnodigen,Ik wil je graag <b>uitnodigen</b> voor mijn verjaardag.,Ze <b>nodigen</b> elke kunstenaar uit voor de expositie.,invite;to invite,uitnodigen,False,914.6,0.20078125
34,334161.0,20488.0,False,8,matig,De burger smaakte een beetje <b>matig</b>.,Ik ben <b>matig</b> enthousiast over deze activiteit.,mediocre,matig,False,661.1,0.29999999999999993
35,357252.0,1086.0,True,2,onderdeel,Ik mis een <b>onderdeel</b> van mijn IKEA kast.,Deze opleiding is een <b>onderdeel</b> van de Rijksuniversiteit Groningen.,part;part of,onderdeel,False,758.6,0.250390625
36,360430.0,1359.0,True,5,woede,Ik probeer mijn <b>woede</b> te onderdrukken.,Ik vind <b>woede</b> moeilijk om mee om te gaan.,rage;anger,woede,False,719.6,0.37890625
37,363821.0,923.0,True,9,algemeen,Dat is niet <b>algemeen</b> bekend.,Over het <b>algemeen</b> ben ik hier heel goed in.,general,algemeen,False,524.6,0.20078125
38,367091.0,1667.0,False,12,gemiddeld,Deze opleiding heeft <b>gemiddeld</b> 60 studenten per jaar.,De temperatuur in Nederland is <b>gemiddeld</b> 15 graden.,average;on average,gemiddeld,False,1012.1,0.3
39,371865.0,3531.0,False,13,vaag,Ik heb een <b>vaag</b> idee van wat ik wil doen voor mijn scriptie.,Het plan kwam niet verder dan een <b>vage</b> gedachte.,vague,vaag,False,1148.6,0.3
40,377543.0,1368.0,True,12,gemiddeld,Deze opleiding heeft <b>gemiddeld</b> 60 studenten per jaar.,De temperatuur in Nederland is <b>gemiddeld</b> 15 graden.,average;on average,gemiddeld,False,1012.1,0.250390625
41,382544.0,1450.0,True,13,vaag,Ik heb een <b>vaag</b> idee van wat ik wil doen voor mijn scriptie.,Het plan kwam niet verder dan een <b>vage</b> gedachte.,vague,vaag,False,1148.6,0.250390625
42,387932.0,1390.0,True,11,verwachten,Ze <b>verwachten</b> dat het morgen gaat regenen.,Wij <b>verwachten</b> dat jij het goed gaat doen.,expect;to expect,verwachten,False,797.6,0.20078125
43,391652.0,743.0,True,4,alternatief,Ik vind thee geen goed <b>alternatief</b> voor koffie.,Ik heb een <b>alternatief</b> voorstel.,alternative,alternatief,False,895.1,0.248828125
44,395792.0,2419.0,False,14,dreigen,Het <b>dreigt</b> te gaan regenen.,De directeur <b>dreigt</b> met onstlag.,threaten;to threaten,dreigen,False,505.1,0.3
45,400113.0,1302.0,False,15,beseffen,Ik <b>besef</b> dat ik het fout heb gedaan.,Ik heb niet <b>beseft</b> dat het zo laat was.,realize;to realize,beseffen,False,680.6,0.3
46,403462.0,1148.0,True,14,dreigen,Het <b>dreigt</b> te gaan regenen.,De directeur <b>dreigt</b> met onstlag.,threaten;to threaten,dreigen,False,505.1,0.250390625
47,407689.0,568.0,True,15,beseffen,Ik <b>besef</b> dat ik het fout heb gedaan.,Ik heb niet <b>beseft</b> dat het zo laat was.,realize;to realize,beseffen,False,680.6,0.250390625
48,412845.0,inf,False,16,voldoende,Ik heb <b>voldoende</b> tijd.,Verderop is er <b>voldoende</b> ruimte.,sufficient;enough,voldoende,False,407.6,0.3
49,419126.0,2541.0,True,8,matig,De burger smaakte een beetje <b>matig</b>.,Ik ben <b>matig</b> enthousiast over deze activiteit.,mediocre,matig,False,661.1,0.312890625
50,424901.0,8724.0,True,16,voldoende,Ik heb <b>voldoende</b> tijd.,Verderop is er <b>voldoende</b> ruimte.,sufficient;enough,voldoende,False,407.6,0.349609375
51,437508.0,1407.0,True,10,meningen,Politici hebben altijd veel <b>meningen</b>.,Ik heb verschillende <b>meningen</b> over dit onderwerp.,opinions,meningen,False,700.1,0.2503906250000001
52,442088.0,1969.0,False,17,bewaren,Ik vind het fijn om al mijn bonnetjes in een map te <b>bewaren</b>.,Hoe lang kun je deze kaas <b>bewaren</b>?,keep;to keep,bewaren,False,1148.6,0.3
53,447651.0,4467.0,True,16,voldoende,Ik heb <b>voldoende</b> tijd.,Verderop is er <b>voldoende</b> ruimte.,sufficient;enough,voldoende,False,407.6,0.39921874999999996
54,454928.0,1843.0,True,17,bewaren,Ik vind het fijn om al mijn bonnetjes in een map te <b>bewaren</b>.,Hoe lang kun je deze kaas <b>bewaren</b>?,keep;to keep,bewaren,False,1148.6,0.250390625
55,458777.0,1743.0,False,18,fluisteren,<b>Fluisteren</b> in het openbaar is niet beleefd.,Ik kon ze vanuit mijn tent horen <b>fluisteren</b>.,whisper;to whisper,fluisteren,False,817.1,0.3
56,463324.0,5162.0,False,19,woordenschat,Ik heb een goede <b>woordenschat</b>.,Een boek lezen doet wonderen voor je <b>woordenschat</b>.,vocabulary,woordenschat,False,563.6,0.3
57,470990.0,2223.0,True,18,fluisteren,<b>Fluisteren</b> in het openbaar is niet beleefd.,Ik kon ze vanuit mijn tent horen <b>fluisteren</b>.,whisper;to whisper,fluisteren,False,817.1,0.262109375
58,475576.0,inf,True,19,woordenschat,Ik heb een goede <b>woordenschat</b>.,Een boek lezen doet wonderen voor je <b>woordenschat</b>.,vocabulary,woordenschat,False,563.6,0.349609375
59,486738.0,2693.0,True,16,voldoende,Ik heb <b>voldoende</b> tijd.,Verderop is er <b>voldoende</b> ruimte.,sufficient;enough,voldoende,False,407.6,0.4488281249999999
60,493238.0,3011.0,False,20,betreffen,Het <b>betreft</b> een vrouw.,Die vraag <b>betreft</b> hem ook.,concern;to concern;concerns,betreffen,False,407.6,0.3
61,498227.0,1305.0,True,19,woordenschat,Ik heb een goede <b>woordenschat</b>.,Een boek lezen doet wonderen voor je <b>woordenschat</b>.,vocabulary,woordenschat,False,563.6,0.30000000000000004
62,502633.0,6394.0,False,20,betreffen,Het <b>betreft</b> een vrouw.,Die vraag <b>betreft</b> hem ook.,concern;to concern;concerns,betreffen,False,407.6,0.349609375
63,511093.0,1675.0,True,16,voldoende,Ik heb <b>voldoende</b> tijd.,Verderop is er <b>voldoende</b> ruimte.,sufficient;enough,voldoende,False,407.6,0.42421874999999987
64,515465.0,1460.0,True,12,gemiddeld,Deze opleiding heeft <b>gemiddeld</b> 60 studenten per jaar.,De temperatuur in Nederland is <b>gemiddeld</b> 15 graden.,average;on average,gemiddeld,False,1012.1,0.20078125
65,520834.0,997.0,True,13,vaag,Ik heb een <b>vaag</b> idee van wat ik wil doen voor mijn scriptie.,Het plan kwam niet verder dan een <b>vage</b> gedachte.,vague,vaag,False,1148.6,0.20078125
66,523973.0,1578.0,True,14,dreigen,Het <b>dreigt</b> te gaan regenen.,De directeur <b>dreigt</b> met onstlag.,threaten;to threaten,dreigen,False,505.1,0.20078125
67,528084.0,2474.0,True,20,betreffen,Het <b>betreft</b> een vrouw.,Die vraag <b>betreft</b> hem ook.,concern;to concern;concerns,betreffen,False,407.6,0.37812500000000004
68,533084.0,4183.0,False,15,beseffen,Ik <b>besef</b> dat ik het fout heb gedaan.,Ik heb niet <b>beseft</b> dat het zo laat was.,realize;to realize,beseffen,False,680.6,0.29999999999999993
69,539423.0,inf,False,21,behoefte,Ik heb <b>behoefte</b> aan avondeten.,Kinderen hebben <b>behoefte</b> aan veiligheid.,need,behoefte,False,563.6,0.3
70,548440.0,1559.0,True,5,woede,Ik probeer mijn <b>woede</b> te onderdrukken.,Ik vind <b>woede</b> moeilijk om mee om te gaan.,rage;anger,woede,False,719.6,0.32929687500000004
71,552118.0,1337.0,True,21,behoefte,Ik heb <b>behoefte</b> aan avondeten.,Kinderen hebben <b>behoefte</b> aan veiligheid.,need,behoefte,False,563.6,0.250390625
72,556362.0,1541.0,True,8,matig,De burger smaakte een beetje <b>matig</b>.,Ik ben <b>matig</b> enthousiast over deze activiteit.,mediocre,matig,False,661.1,0.30625
73,561151.0,3131.0,True,16,voldoende,Ik heb <b>voldoende</b> tijd.,Verderop is er <b>voldoende</b> ruimte.,sufficient;enough,voldoende,False,407.6,0.4738281249999998
74,567545.0,1575.0,True,20,betreffen,Het <b>betreft</b> een vrouw.,Die vraag <b>betreft</b> hem ook.,concern;to concern;concerns,betreffen,False,407.6,0.374609375
75,572339.0,1014.0,True,18,fluisteren,<b>Fluisteren</b> in het openbaar is niet beleefd.,Ik kon ze vanuit mijn tent horen <b>fluisteren</b>.,whisper;to whisper,fluisteren,False,817.1,0.2125
76,575789.0,4500.0,False,22,waarschuwen,Ik ben gekomen om u te <b>waarschuwen</b>.,Het alarm bestaat om je te <b>waarschuwen</b> voor gevaar.,warn;to warn;warning,waarschuwen,False,661.1,0.3
77,582158.0,1656.0,False,16,voldoende,Ik heb <b>voldoende</b> tijd.,Verderop is er <b>voldoende</b> ruimte.,sufficient;enough,voldoende,False,407.6,0.4921874999999999
78,587095.0,1470.0,True,22,waarschuwen,Ik ben gekomen om u te <b>waarschuwen</b>.,Het alarm bestaat om je te <b>waarschuwen</b> voor gevaar.,warn;to warn;warning,waarschuwen,False,661.1,0.250390625
79,592101.0,inf,False,17,bewaren,Ik vind het fijn om al mijn bonnetjes in een map te <b>bewaren</b>.,Hoe lang kun je deze kaas <b>bewaren</b>?,keep;to keep,bewaren,False,1148.6,0.29999999999999993
80,606393.0,934.0,True,16,voldoende,Ik heb <b>voldoende</b> tijd.,Verderop is er <b>voldoende</b> ruimte.,sufficient;enough,voldoende,False,407.6,0.44257812499999993
81,610035.0,2020.0,False,15,beseffen,Ik <b>besef</b> dat ik het fout heb gedaan.,Ik heb niet <b>beseft</b> dat het zo laat was.,realize;to realize,beseffen,False,680.6,0.34414062499999987
82,613954.0,1188.0,True,19,woordenschat,Ik heb een goede <b>woordenschat</b>.,Een boek lezen doet wonderen voor je <b>woordenschat</b>.,vocabulary,woordenschat,False,563.6,0.2503906250000001
83,619835.0,1735.0,True,20,betreffen,Het <b>betreft</b> een vrouw.,Die vraag <b>betreft</b> hem ook.,concern;to concern;concerns,betreffen,False,407.6,0.32500000000000007
84,624089.0,1578.0,True,21,behoefte,Ik heb <b>behoefte</b> aan avondeten.,Kinderen hebben <b>behoefte</b> aan veiligheid.,need,behoefte,False,563.6,0.20078125
85,627713.0,1036.0,True,17,bewaren,Ik vind het fijn om al mijn bonnetjes in een map te <b>bewaren</b>.,Hoe lang kun je deze kaas <b>bewaren</b>?,keep;to keep,bewaren,False,1148.6,0.29960937499999996
86,630785.0,1194.0,True,15,beseffen,Ik <b>besef</b> dat ik het fout heb gedaan.,Ik heb niet <b>beseft</b> dat het zo laat was.,realize;to realize,beseffen,False,680.6,0.34218749999999987
87,637203.0,1628.0,True,1,vergeten,Ben je nou alweer je sleutel <b>vergeten</b>?,"Sorry,we waren <b>vergeten</b> de wiki aan te passen.",forget;to forget;forgot,vergeten,False,719.6,0.15078124999999998
88,641060.0,5958.0,True,22,waarschuwen,Ik ben gekomen om u te <b>waarschuwen</b>.,Het alarm bestaat om je te <b>waarschuwen</b> voor gevaar.,warn;to warn;warning,waarschuwen,False,661.1,0.29999999999999993
89,649574.0,1300.0,True,2,onderdeel,Ik mis een <b>onderdeel</b> van mijn IKEA kast.,Deze opleiding is een <b>onderdeel</b> van de Rijksuniversiteit Groningen.,part;part of,onderdeel,False,758.6,0.20078125
90,653073.0,1173.0,True,16,voldoende,Ik heb <b>voldoende</b> tijd.,Verderop is er <b>voldoende</b> ruimte.,sufficient;enough,voldoende,False,407.6,0.39296875
91,658028.0,970.0,True,8,matig,De burger smaakte een beetje <b>matig</b>.,Ik ben <b>matig</b> enthousiast over deze activiteit.,mediocre,matig,False,661.1,0.25664062500000007
92,662151.0,1886.0,True,3,kerel,Ik ben een gezonde <b>kerel</b>.,Die <b>kerel</b> blokkeert steeds mijn zicht.,guy;dude,kerel,False,466.1,0.15117187499999998
93,666797.0,873.0,True,4,alternatief,Ik vind thee geen goed <b>alternatief</b> voor koffie.,Ik heb een <b>alternatief</b> voorstel.,alternative,alternatief,False,895.1,0.19921875000000003
94,672274.0,932.0,True,22,waarschuwen,Ik ben gekomen om u te <b>waarschuwen</b>.,Het alarm bestaat om je te <b>waarschuwen</b> voor gevaar.,warn;to warn;warning,waarschuwen,False,661.1,0.250390625
95,675749.0,1362.0,True,7,vervelend,Ik vind het <b>vervelend</b> als de koffie op is.,Doe eens niet zo <b>vervelend</b>.,annoying,vervelend,False,797.6,0.15117187499999998
96,681558.0,3432.0,True,15,beseffen,Ik <b>besef</b> dat ik het fout heb gedaan.,Ik heb niet <b>beseft</b> dat het zo laat was.,realize;to realize,beseffen,False,680.6,0.34257812499999984
97,688333.0,1320.0,True,10,meningen,Politici hebben altijd veel <b>meningen</b>.,Ik heb verschillende <b>meningen</b> over dit onderwerp.,opinions,meningen,False,700.1,0.2007812500000001
98,692343.0,2434.0,True,17,bewaren,Ik vind het fijn om al mijn bonnetjes in een map te <b>bewaren</b>.,Hoe lang kun je deze kaas <b>bewaren</b>?,keep;to keep,bewaren,False,1148.6,0.33671874999999996
99,0.0,697990.0,True,1,vergeten,Ben je nou alweer je sleutel <b>vergeten</b>?,"Sorry,we waren <b>vergeten</b> de wiki aan te passen.",forget;to forget;forgot,vergeten,False,719.6,0.3
100,700839.0,950.0,True,6,uitnodigen,Ik wil je graag <b>uitnodigen</b> voor mijn verjaardag.,Ze <b>nodigen</b> elke kunstenaar uit voor de expositie.,invite;to invite,uitnodigen,False,914.6,0.15117187499999998
101,704237.0,1300.0,True,9,algemeen,Dat is niet <b>algemeen</b> bekend.,Over het <b>algemeen</b> ben ik hier heel goed in.,general,algemeen,False,524.6,0.15117187499999998
102,708258.0,2180.0,True,20,betreffen,Het <b>betreft</b> een vrouw.,Die vraag <b>betreft</b> hem ook.,concern;to concern;concerns,betreffen,False,407.6,0.3496093750000001
103,713017.0,1299.0,True,11,verwachten,Ze <b>verwachten</b> dat het morgen gaat regenen.,Wij <b>verwachten</b> dat jij het goed gaat doen.,expect;to expect,verwachten,False,797.6,0.15117187499999998
104,716696.0,1828.0,True,5,woede,Ik probeer mijn <b>woede</b> te onderdrukken.,Ik vind <b>woede</b> moeilijk om mee om te gaan.,rage;anger,woede,False,719.6,0.30390625000000004
105,720686.0,2855.0,True,17,bewaren,Ik vind het fijn om al mijn bonnetjes in een map te <b>bewaren</b>.,Hoe lang kun je deze kaas <b>bewaren</b>?,keep;to keep,bewaren,False,1148.6,0.34101562499999993
106,725613.0,1898.0,True,15,beseffen,Ik <b>besef</b> dat ik het fout heb gedaan.,Ik heb niet <b>beseft</b> dat het zo laat was.,realize;to realize,beseffen,False,680.6,0.3546874999999998
107,730161.0,1625.0,True,16,voldoende,Ik heb <b>voldoende</b> tijd.,Verderop is er <b>voldoende</b> ruimte.,sufficient;enough,voldoende,False,407.6,0.36835937499999993
108,734530.0,1080.0,True,14,dreigen,Het <b>dreigt</b> te gaan regenen.,De directeur <b>dreigt</b> met onstlag.,threaten;to threaten,dreigen,False,505.1,0.15117187499999998
109,738344.0,inf,True,20,betreffen,Het <b>betreft</b> een vrouw.,Die vraag <b>betreft</b> hem ook.,concern;to concern;concerns,betreffen,False,407.6,0.3500000000000001
110,746175.0,1590.0,True,12,gemiddeld,Deze opleiding heeft <b>gemiddeld</b> 60 studenten per jaar.,De temperatuur in Nederland is <b>gemiddeld</b> 15 graden.,average;on average,gemiddeld,False,1012.1,0.15117187499999998
111,751112.0,1314.0,True,18,fluisteren,<b>Fluisteren</b> in het openbaar is niet beleefd.,Ik kon ze vanuit mijn tent horen <b>fluisteren</b>.,whisper;to whisper,fluisteren,False,817.1,0.16289062499999998
112,754968.0,inf,True,13,vaag,Ik heb een <b>vaag</b> idee van wat ik wil doen voor mijn scriptie.,Het plan kwam niet verder dan een <b>vage</b> gedachte.,vague,vaag,False,1148.6,0.201171875
113,759229.0,1194.0,True,19,woordenschat,Ik heb een goede <b>woordenschat</b>.,Een boek lezen doet wonderen voor je <b>woordenschat</b>.,vocabulary,woordenschat,False,563.6,0.2007812500000001
114,764273.0,2812.0,True,17,bewaren,Ik vind het fijn om al mijn bonnetjes in een map te <b>bewaren</b>.,Hoe lang kun je deze kaas <b>bewaren</b>?,keep;to keep,bewaren,False,1148.6,0.3414062499999999
115,769081.0,inf,True,15,beseffen,Ik <b>besef</b> dat ik het fout heb gedaan.,Ik heb niet <b>beseft</b> dat het zo laat was.,realize;to realize,beseffen,False,680.6,0.39882812499999976
116,773786.0,2038.0,True,20,betreffen,Het <b>betreft</b> een vrouw.,Die vraag <b>betreft</b> hem ook.,concern;to concern;concerns,betreffen,False,407.6,0.35039062500000007
117,778976.0,1337.0,True,15,beseffen,Ik <b>besef</b> dat ik het fout heb gedaan.,Ik heb niet <b>beseft</b> dat het zo laat was.,realize;to realize,beseffen,False,680.6,0.36171874999999976
118,782766.0,1120.0,True,22,waarschuwen,Ik ben gekomen om u te <b>waarschuwen</b>.,Het alarm bestaat om je te <b>waarschuwen</b> voor gevaar.,warn;to warn;warning,waarschuwen,False,661.1,0.20078125
119,786083.0,1804.0,True,21,behoefte,Ik heb <b>behoefte</b> aan avondeten.,Kinderen hebben <b>behoefte</b> aan veiligheid.,need,behoefte,False,563.6,0.201171875
120,789873.0,inf,True,17,bewaren,Ik vind het fijn om al mijn bonnetjes in een map te <b>bewaren</b>.,Hoe lang kun je deze kaas <b>bewaren</b>?,keep;to keep,bewaren,False,1148.6,0.39101562499999987
121,794705.0,975.0,True,16,voldoende,Ik heb <b>voldoende</b> tijd.,Verderop is er <b>voldoende</b> ruimte.,sufficient;enough,voldoende,False,407.6,0.31875
122,798360.0,inf,True,17,bewaren,Ik vind het fijn om al mijn bonnetjes in een map te <b>bewaren</b>.,Hoe lang kun je deze kaas <b>bewaren</b>?,keep;to keep,bewaren,False,1148.6,0.4406249999999998
123,803747.0,1585.0,True,20,betreffen,Het <b>betreft</b> een vrouw.,Die vraag <b>betreft</b> hem ook.,concern;to concern;concerns,betreffen,False,407.6,0.35625000000000007
124,807745.0,5365.0,True,17,bewaren,Ik vind het fijn om al mijn bonnetjes in een map te <b>bewaren</b>.,Hoe lang kun je deze kaas <b>bewaren</b>?,keep;to keep,bewaren,False,1148.6,0.4660156249999998
125,815389.0,1322.0,True,8,matig,De burger smaakte een beetje <b>matig</b>.,Ik ben <b>matig</b> enthousiast over deze activiteit.,mediocre,matig,False,661.1,0.2195312500000001
126,820147.0,1339.0,True,17,bewaren,Ik vind het fijn om al mijn bonnetjes in een map te <b>bewaren</b>.,Hoe lang kun je deze kaas <b>bewaren</b>?,keep;to keep,bewaren,False,1148.6,0.46562499999999984
127,824033.0,inf,True,15,beseffen,Ik <b>besef</b> dat ik het fout heb gedaan.,Ik heb niet <b>beseft</b> dat het zo laat was.,realize;to realize,beseffen,False,680.6,0.4113281249999997
128,830924.0,1226.0,True,17,bewaren,Ik vind het fijn om al mijn bonnetjes in een map te <b>bewaren</b>.,Hoe lang kun je deze kaas <b>bewaren</b>?,keep;to keep,bewaren,False,1148.6,0.46523437499999987
129,834579.0,3304.0,True,15,beseffen,Ik <b>besef</b> dat ik het fout heb gedaan.,Ik heb niet <b>beseft</b> dat het zo laat was.,realize;to realize,beseffen,False,680.6,0.46093749999999967
130,841565.0,1022.0,True,17,bewaren,Ik vind het fijn om al mijn bonnetjes in een map te <b>bewaren</b>.,Hoe lang kun je deze kaas <b>bewaren</b>?,keep;to keep,bewaren,False,1148.6,0.4156249999999999
131,844606.0,1869.0,True,15,beseffen,Ik <b>besef</b> dat ik het fout heb gedaan.,Ik heb niet <b>beseft</b> dat het zo laat was.,realize;to realize,beseffen,False,680.6,0.5105468749999997
132,849836.0,3654.0,True,20,betreffen,Het <b>betreft</b> een vrouw.,Die vraag <b>betreft</b> hem ook.,concern;to concern;concerns,betreffen,False,407.6,0.39960937500000004
133,856119.0,inf,True,15,beseffen,Ik <b>besef</b> dat ik het fout heb gedaan.,Ik heb niet <b>beseft</b> dat het zo laat was.,realize;to realize,beseffen,False,680.6,0.5601562499999998
134,862332.0,1105.0,True,20,betreffen,Het <b>betreft</b> een vrouw.,Die vraag <b>betreft</b> hem ook.,concern;to concern;concerns,betreffen,False,407.6,0.39921875000000007
135,866018.0,790.0,True,15,beseffen,Ik <b>besef</b> dat ik het fout heb gedaan.,Ik heb niet <b>beseft</b> dat het zo laat was.,realize;to realize,beseffen,False,680.6,0.5597656249999998
136,869317.0,inf,True,5,woede,Ik probeer mijn <b>woede</b> te onderdrukken.,Ik vind <b>woede</b> moeilijk om mee om te gaan.,rage;anger,woede,False,719.6,0.310546875
137,873498.0,1336.0,True,15,beseffen,Ik <b>besef</b> dat ik het fout heb gedaan.,Ik heb niet <b>beseft</b> dat het zo laat was.,realize;to realize,beseffen,False,680.6,0.5226562499999997
138,877299.0,988.0,True,13,vaag,Ik heb een <b>vaag</b> idee van wat ik wil doen voor mijn scriptie.,Het plan kwam niet verder dan een <b>vage</b> gedachte.,vague,vaag,False,1148.6,0.15156250000000002
139,881972.0,10659.0,True,15,beseffen,Ik <b>besef</b> dat ik het fout heb gedaan.,Ik heb niet <b>beseft</b> dat het zo laat was.,realize;to realize,beseffen,False,680.6,0.5230468749999997
140,895642.0,1402.0,True,20,betreffen,Het <b>betreft</b> een vrouw.,Die vraag <b>betreft</b> hem ook.,concern;to concern;concerns,betreffen,False,407.6,0.374609375
141,899419.0,inf,True,15,beseffen,Ik <b>besef</b> dat ik het fout heb gedaan.,Ik heb niet <b>beseft</b> dat het zo laat was.,realize;to realize,beseffen,False,680.6,0.5726562499999998
142,903898.0,949.0,True,17,bewaren,Ik vind het fijn om al mijn bonnetjes in een map te <b>bewaren</b>.,Hoe lang kun je deze kaas <b>bewaren</b>?,keep;to keep,bewaren,False,1148.6,0.3902343749999999
143,906899.0,inf,True,15,beseffen,Ik <b>besef</b> dat ik het fout heb gedaan.,Ik heb niet <b>beseft</b> dat het zo laat was.,realize;to realize,beseffen,False,680.6,0.6222656249999998
144,913563.0,1239.0,True,21,behoefte,Ik heb <b>behoefte</b> aan avondeten.,Kinderen hebben <b>behoefte</b> aan veiligheid.,need,behoefte,False,563.6,0.16328125000000002
145,916773.0,2765.0,True,15,beseffen,Ik <b>besef</b> dat ik het fout heb gedaan.,Ik heb niet <b>beseft</b> dat het zo laat was.,realize;to realize,beseffen,False,680.6,0.6718749999999999
146,923796.0,1147.0,True,5,woede,Ik probeer mijn <b>woede</b> te onderdrukken.,Ik vind <b>woede</b> moeilijk om mee om te gaan.,rage;anger,woede,False,719.6,0.28593749999999996
147,926991.0,inf,True,15,beseffen,Ik <b>besef</b> dat ik het fout heb gedaan.,Ik heb niet <b>beseft</b> dat het zo laat was.,realize;to realize,beseffen,False,680.6,0.721484375
148,941253.0,5817.0,True,20,betreffen,Het <b>betreft</b> een vrouw.,Die vraag <b>betreft</b> hem ook.,concern;to concern;concerns,betreffen,False,407.6,0.375
149,949753.0,inf,True,15,beseffen,Ik <b>besef</b> dat ik het fout heb gedaan.,Ik heb niet <b>beseft</b> dat het zo laat was.,realize;to realize,beseffen,False,680.6,0.77109375
150,955568.0,inf,True,17,bewaren,Ik vind het fijn om al mijn bonnetjes in een map te <b>bewaren</b>.,Hoe lang kun je deze kaas <b>bewaren</b>?,keep;to keep,bewaren,False,1148.6,0.4062499999999999

trial,fact,start_time,rt,correct,fact_id,question,answer
1,"Word(fact_id=1, question='alternatief', answer=['alternative'])",980571.0,1006.0,True,1,alternatief,['alternative']
2,"Word(fact_id=2, question='voldoende', answer=['sufficient', 'enough'])",984638.0,3352.0,True,2,voldoende,"['sufficient', 'enough']"
3,"Word(fact_id=3, question='bewaren', answer=['keep', 'to keep'])",991068.0,985.0,True,3,bewaren,"['keep', 'to keep']"
4,"Word(fact_id=4, question='algemeen', answer=['general'])",994090.0,916.0,True,4,algemeen,['general']
5,"Word(fact_id=5, question='matig', answer=['mediocre'])",997779.0,969.0,True,5,matig,['mediocre']
6,"Word(fact_id=6, question='meningen', answer=['opinions'])",1001638.0,1139.0,True,6,meningen,['opinions']
7,"Word(fact_id=7, question='betreffen', answer=['concern', 'to concern', 'concerns'])",1005429.0,inf,True,7,betreffen,"['concern', 'to concern', 'concerns']"
8,"Word(fact_id=8, question='kerel', answer=['guy', 'dude'])",1012108.0,1139.0,True,8,kerel,"['guy', 'dude']"
9,"Word(fact_id=9, question='vergeten', answer=['forget', 'to forget', 'forgot'])",1015191.0,1033.0,True,9,vergeten,"['forget', 'to forget', 'forgot']"
10,"Word(fact_id=10, question='uitnodigen', answer=['invite', 'to invite'])",1018841.0,918.0,True,10,uitnodigen,"['invite', 'to invite']"
11,"Word(fact_id=11, question='verwachten', answer=['expect', 'to expect'])",1022511.0,889.0,True,11,verwachten,"['expect', 'to expect']"
12,"Word(fact_id=12, question='woede', answer=['rage', 'anger'])",1025755.0,inf,True,12,woede,"['rage', 'anger']"
13,"Word(fact_id=13, question='onderdeel', answer=['part', 'part of'])",1030660.0,1018.0,True,13,onderdeel,"['part', 'part of']"
14,"Word(fact_id=14, question='beseffen', answer=['realize', 'to realize'])",1033886.0,1661.0,True,14,beseffen,"['realize', 'to realize']"
15,"Word(fact_id=15, question='vervelend', answer=['annoying'])",1037998.0,1258.0,True,15,vervelend,['annoying']
16,"Word(fact_id=16, question='woordenschat', answer=['vocabulary'])",1041906.0,1112.0,True,16,woordenschat,['vocabulary']
17,"Word(fact_id=17, question='vaag', answer=['vague'])",1047247.0,973.0,True,17,vaag,['vague']
18,"Word(fact_id=18, question='fluisteren', answer=['whisper', 'to whisper'])",1050781.0,957.0,True,18,fluisteren,"['whisper', 'to whisper']"
19,"Word(fact_id=19, question='behoefte', answer=['need'])",1054020.0,1731.0,True,19,behoefte,['need']
20,"Word(fact_id=20, question='gemiddeld', answer=['average', 'on average'])",1065111.0,1075.0,True,20,gemiddeld,"['average', 'on average']"
21,"Word(fact_id=21, question='waarschuwen', answer=['warn', 'to warn', 'warning'])",1068985.0,1822.0,True,21,waarschuwen,"['warn', 'to warn', 'warning']"
22,"Word(fact_id=22, question='dreigen', answer=['threaten', 'to threaten'])",1073332.0,1095.0,True,22,dreigen,"['threaten', 'to threaten']"
23,"Word(fact_id=1, question='beschrijven', answer=['describe', 'to describe'])",1983281.0,1112.0,True,1,beschrijven,"['describe', 'to describe']"
24,"Word(fact_id=2, question='tevreden', answer=['satisfied'])",1989488.0,1118.0,True,2,tevreden,['satisfied']
25,"Word(fact_id=3, question='kraag', answer=['collar'])",1993599.0,921.0,True,3,kraag,['collar']
26,"Word(fact_id=4, question='onverschillig', answer=['indifferent'])",1996716.0,1044.0,True,4,onverschillig,['indifferent']
27,"Word(fact_id=5, question='vriendschap', answer=['friendship'])",2000538.0,933.0,True,5,vriendschap,['friendship']
28,"Word(fact_id=6, question='verschrikkelijk', answer=['terrible', 'awful', 'horrible', 'dreadful'])",2004757.0,6351.0,True,6,verschrikkelijk,"['terrible', 'awful', 'horrible', 'dreadful']"
29,"Word(fact_id=7, question='verwarring', answer=['confusion'])",0.0,2015941.0,True,7,verwarring,['confusion']
30,"Word(fact_id=8, question='overdrijven', answer=['exaggerate', 'to exaggerate'])",2018790.0,1190.0,True,8,overdrijven,"['exaggerate', 'to exaggerate']"
31,"Word(fact_id=9, question='vreugde', answer=['joy'])",2023224.0,1086.0,True,9,vreugde,['joy']
32,"Word(fact_id=10, question='verwondering', answer=['wonder', 'surprise'])",2026490.0,2364.0,True,10,verwondering,"['wonder', 'surprise']"
33,"Word(fact_id=11, question='scheren', answer=['shave', 'to shave<b>'])",2031176.0,870.0,True,11,scheren,"['shave', 'to shave<b>']"
34,"Word(fact_id=12, question='gewoonte', answer=['habit'])",2034800.0,1153.0,True,12,gewoonte,['habit']
35,"Word(fact_id=13, question='blinken', answer=['shine', 'to shine'])",2038104.0,1400.0,True,13,blinken,"['shine', 'to shine']"
36,"Word(fact_id=14, question='zelfstandig', answer=['independent', 'independently'])",2041704.0,889.0,True,14,zelfstandig,"['independent', 'independently']"
37,"Word(fact_id=15, question='nieuwsgierig', answer=['curious'])",2045886.0,4281.0,True,15,nieuwsgierig,['curious']
38,"Word(fact_id=16, question='eenzaamheid', answer=['loneliness', 'solitude'])",2052965.0,1050.0,True,16,eenzaamheid,"['loneliness', 'solitude']"
39,"Word(fact_id=17, question='ongemakkelijk', answer=['awkward'])",2058723.0,4318.0,True,17,ongemakkelijk,['awkward']
40,"Word(fact_id=18, question='vergeven', answer=['forgive', 'to forgive'])",2066341.0,1245.0,True,18,vergeven,"['forgive', 'to forgive']"
41,"Word(fact_id=19, question='moed', answer=['courage'])",2070466.0,1230.0,True,19,moed,['courage']
42,"Word(fact_id=20, question='bijeenkomst', answer=['meeting', 'gathering'])",2074163.0,2680.0,True,20,bijeenkomst,"['meeting', 'gathering']"
43,"Word(fact_id=21, question='spontaan', answer=['spontaneous'])",2079573.0,1385.0,True,21,spontaan,['spontaneous']
44,"Word(fact_id=22, question='begroeten', answer=['greet', 'to greet'])",2087704.0,1107.0,True,22,begroeten,"['greet', 'to greet']"

trial

